slip,mu_true,mu_noisy,surface,c1,c2,c3
0.43999411163076374,1.0512697142114737,1.0580588498421928,Dry asphalt,1.2801,23.99,0.52
0.3315770263897671,1.1072305451380895,1.1079063358329784,Dry asphalt,1.2801,23.99,0.52
0.46337618954251325,1.0391253507282625,1.0420165447151624,Dry asphalt,1.2801,23.99,0.52
0.4177077352339535,1.0628350580530839,1.0691479403114692,Dry asphalt,1.2801,23.99,0.52
0.15413475699975046,1.1682282368549204,1.1536566786563638,Dry asphalt,1.2801,23.99,0.52
0.4938802503447504,1.0232731151743444,1.0200764030107714,Dry asphalt,1.2801,23.99,0.52
0.43634417066879383,1.0531646318590517,1.0484609053161238,Dry asphalt,1.2801,23.99,0.52
0.44341473537650933,1.0494936171327247,1.0431048386502912,Dry asphalt,1.2801,23.99,0.52
0.1796068941834094,1.1694869532652485,1.1667355307529816,Dry asphalt,1.2801,23.99,0.52
0.33588288836835795,1.105035601804654,1.119985014916998,Dry asphalt,1.2801,23.99,0.52
0.3048570039211487,1.1207212132063211,1.1120629020493886,Dry asphalt,1.2801,23.99,0.52
0.48138048356307184,1.029769792680868,1.0394525762267828,Dry asphalt,1.2801,23.99,0.52
0.40140361982030776,1.0712859529660934,1.0544572552499354,Dry asphalt,1.2801,23.99,0.52
0.453623976901412,1.0441914850280185,1.0408426347281607,Dry asphalt,1.2801,23.99,0.52
0.3332808735425563,1.1063625436579818,1.1079900743090318,Dry asphalt,1.2801,23.99,0.52
0.23887111838794392,1.1517325879648552,1.157594811278448,Dry asphalt,1.2801,23.99,0.52
0.37260754372285,1.0861761394454466,1.0932884052433751,Dry asphalt,1.2801,23.99,0.52
0.1270577668658134,1.1532914680408919,1.1612249403928911,Dry asphalt,1.2801,23.99,0.52
0.4549614404961339,1.0434967632774972,1.0400095125550128,Dry asphalt,1.2801,23.99,0.52
0.39759181414370276,1.073260032577383,1.0686365146507373,Dry asphalt,1.2801,23.99,0.52
0.435470488490298,1.053618175622463,1.0621979344350345,Dry asphalt,1.2801,23.99,0.52
0.29811499556620386,1.1240772833183743,1.1221642400695582,Dry asphalt,1.2801,23.99,0.52
0.4926348022387708,1.023920470536945,1.0111636073035657,Dry asphalt,1.2801,23.99,0.52
0.47258037738051456,1.0343429436022278,1.023010071462193,Dry asphalt,1.2801,23.99,0.52
0.4412479632603242,1.0506186995244338,1.0414241766644177,Dry asphalt,1.2801,23.99,0.52
0.22114820665598842,1.1587472582595835,1.1637188657001212,Dry asphalt,1.2801,23.99,0.52
0.3419017404605545,1.101960291542406,1.1033845489031118,Dry asphalt,1.2801,23.99,0.52
0.10543745250045959,1.1232443504399952,1.1301492039806729,Dry asphalt,1.2801,23.99,0.52
0.19700570862684455,1.1663148740937892,1.1620423476304238,Dry asphalt,1.2801,23.99,0.52
0.4134074107073301,1.065065041118602,1.066650438029369,Dry asphalt,1.2801,23.99,0.52
0.43163502131526926,1.0556090361141237,1.0618649400537972,Dry asphalt,1.2801,23.99,0.52
0.49182674222769357,1.0243404771103983,1.021247011713196,Dry asphalt,1.2801,23.99,0.52
0.28583475911791023,1.130119413174665,1.134687165550239,Dry asphalt,1.2801,23.99,0.52
0.30471835186960367,1.1207904697646913,1.1141712103540249,Dry asphalt,1.2801,23.99,0.52
0.3429354713443568,1.101431344142396,1.0978008056767452,Dry asphalt,1.2801,23.99,0.52
0.21820625654742595,1.1598122970577243,1.155994918117741,Dry asphalt,1.2801,23.99,0.52
0.180862683039139,1.169344907367379,1.1573865109114885,Dry asphalt,1.2801,23.99,0.52
0.34516711396527083,1.1002887291634744,1.1051584539713302,Dry asphalt,1.2801,23.99,0.52
0.2386986639066766,1.1518050410526752,1.147111017650648,Dry asphalt,1.2801,23.99,0.52
0.40939240258596854,1.0671464646743092,1.067271405861586,Dry asphalt,1.2801,23.99,0.52
0.3309261507536637,1.1075619282207083,1.1123693948097675,Dry asphalt,1.2801,23.99,0.52
0.45634350055381,1.0427788515047698,1.0472441632650693,Dry asphalt,1.2801,23.99,0.52
0.4185724017025815,1.062386600031388,1.0690404511211158,Dry asphalt,1.2801,23.99,0.52
0.2798899533342311,1.1330043097499631,1.132019454904869,Dry asphalt,1.2801,23.99,0.52
0.45622908827007796,1.0428382839730606,1.038605300852619,Dry asphalt,1.2801,23.99,0.52
0.4486462105067585,1.0467768734512075,1.0459796913421435,Dry asphalt,1.2801,23.99,0.52
0.3116163290248799,1.1173340727829197,1.1004607284433394,Dry asphalt,1.2801,23.99,0.52
0.26894399826593374,1.1382298692759711,1.1237587445517403,Dry asphalt,1.2801,23.99,0.52
0.41324029762418046,1.0651516864221267,1.0519246902985826,Dry asphalt,1.2801,23.99,0.52
0.1875435824980365,1.1683449103570605,1.1583724420810457,Dry asphalt,1.2801,23.99,0.52
0.4040175786634988,0.7168049028814872,0.711476277021472,Wet asphalt,0.857,33.82,0.347
0.1054035409429862,0.7961683368822448,0.8025741537129012,Wet asphalt,0.857,33.82,0.347
0.0716214355650384,0.7561118138578274,0.7499403016190503,Wet asphalt,0.857,33.82,0.347
0.45812664794105906,0.6980298931754236,0.7013901000898703,Wet asphalt,0.857,33.82,0.347
0.38336004758927694,0.7239720578602068,0.7230774623309258,Wet asphalt,0.857,33.82,0.347
0.2375413854401227,0.7742951608163725,0.7623524456579592,Wet asphalt,0.857,33.82,0.347
0.4336627179167476,0.7065186709407036,0.7161825786300318,Wet asphalt,0.857,33.82,0.347
0.25724133324721987,0.7675944793159913,0.7547008598179683,Wet asphalt,0.857,33.82,0.347
0.3243804562697945,0.7444252404762687,0.7467548749215664,Wet asphalt,0.857,33.82,0.347
0.3361227631699511,0.740355491407966,0.7410253381989144,Wet asphalt,0.857,33.82,0.347
0.48872357492812196,0.6874128626555722,0.7000789748285116,Wet asphalt,0.857,33.82,0.347
0.4722583235638887,0.6931262625199619,0.6819300102849271,Wet asphalt,0.857,33.82,0.347
0.2644006491777165,0.7651409003010465,0.7597089332854108,Wet asphalt,0.857,33.82,0.347
0.26435397980923375,0.7651569175386512,0.764153852090583,Wet asphalt,0.857,33.82,0.347
0.3251578568175439,0.744155865006572,0.745964335641403,Wet asphalt,0.857,33.82,0.347
0.03286467635542794,0.5635825638706354,0.572267135308013,Wet asphalt,0.857,33.82,0.347
0.2783487463326708,0.7603430589486804,0.763454044745595,Wet asphalt,0.857,33.82,0.347
0.487813826686811,0.6877285435191535,0.687977149341253,Wet asphalt,0.857,33.82,0.347
0.45785208546490147,0.6981251648621208,0.7084085427606538,Wet asphalt,0.857,33.82,0.347
0.36603078109326687,0.7299837150044562,0.7509443504315693,Wet asphalt,0.857,33.82,0.347
0.34868827048371986,0.7359986912088026,0.7224434407927443,Wet asphalt,0.857,33.82,0.347
0.48611595364843085,0.6883177019988386,0.6882602361323459,Wet asphalt,0.857,33.82,0.347
0.3853188335910228,0.723292487677303,0.7308888866371605,Wet asphalt,0.857,33.82,0.347
0.48553591671983143,0.6885189735831232,0.689376400142287,Wet asphalt,0.857,33.82,0.347
0.4994712150224928,0.6836834488662027,0.6980298265367126,Wet asphalt,0.857,33.82,0.347
0.09269205357751929,0.7875507990347743,0.7842090748886563,Wet asphalt,0.857,33.82,0.347
0.17281882458449208,0.7945507597784875,0.784410722985293,Wet asphalt,0.857,33.82,0.347
0.4363610821548854,0.705582370466975,0.7142874777657982,Wet asphalt,0.857,33.82,0.347
0.17822402748160926,0.793089669563939,0.7653606729641999,Wet asphalt,0.857,33.82,0.347
0.292751971317038,0.7553721037156829,0.7506145157437646,Wet asphalt,0.857,33.82,0.347
0.27432234299195396,0.7617300200874262,0.7853908161775426,Wet asphalt,0.857,33.82,0.347
0.3714197330082883,0.7281143491474698,0.7283767850382108,Wet asphalt,0.857,33.82,0.347
0.11326919182069968,0.7991046599949445,0.8026823023460686,Wet asphalt,0.857,33.82,0.347
0.33610009761701976,0.740363348755595,0.7308472879767858,Wet asphalt,0.857,33.82,0.347
0.3728861107849168,0.7276056613779991,0.7273737927761943,Wet asphalt,0.857,33.82,0.347
0.1732602093539513,0.794434361266761,0.7930123728470789,Wet asphalt,0.857,33.82,0.347
0.29257364051757684,0.7554337246085565,0.774017088949052,Wet asphalt,0.857,33.82,0.347
0.3554487129203362,0.7336541418712469,0.7235533184450433,Wet asphalt,0.857,33.82,0.347
0.2761138246210744,0.7611130865401314,0.7334954500774776,Wet asphalt,0.857,33.82,0.347
0.3235549027521734,0.7447112901698736,0.7487778014112814,Wet asphalt,0.857,33.82,0.347
0.32228819457129726,0.7451501744033746,0.7606503324987959,Wet asphalt,0.857,33.82,0.347
0.15343109922485954,0.7989796112543163,0.7920929557039943,Wet asphalt,0.857,33.82,0.347
0.38363780751925286,0.7238756939168235,0.7056403999770723,Wet asphalt,0.857,33.82,0.347
0.1367939011420875,0.8011422842205572,0.7904140657455696,Wet asphalt,0.857,33.82,0.347
0.38119721074806656,0.7247224100394649,0.7290581064430619,Wet asphalt,0.857,33.82,0.347
0.14464919193945389,0.8003739796402032,0.7947513933466912,Wet asphalt,0.857,33.82,0.347
0.36739100660358787,0.7295118787889026,0.7299356497281204,Wet asphalt,0.857,33.82,0.347
0.4612633241073451,0.6969414826485302,0.6733663169442616,Wet asphalt,0.857,33.82,0.347
0.2691614394611106,0.7635055733768613,0.7583019430115292,Wet asphalt,0.857,33.82,0.347
0.14453937459901486,0.8003881504550466,0.8082708129819316,Wet asphalt,0.857,33.82,0.347
0.17569669279726993,0.18324998086215738,0.1761355731445335,Snow,0.1946,94.13,0.0646
0.25451610152314835,0.17815825983394,0.16938447176853436,Snow,0.1946,94.13,0.0646
0.3188636767518262,0.17400140648181406,0.18185463372970057,Snow,0.1946,94.13,0.0646
0.4922512313184662,0.16280057045682708,0.15296914245067555,Snow,0.1946,94.13,0.0646
0.20204011139255498,0.18154820773322486,0.18016711154989196,Snow,0.1946,94.13,0.0646
0.4630248716349691,0.164688593292381,0.15766875343040998,Snow,0.1946,94.13,0.0646
0.2024905346212729,0.1815191104371015,0.18547831911251797,Snow,0.1946,94.13,0.0646
0.2910911292240119,0.17579551305188376,0.17857169976052967,Snow,0.1946,94.13,0.0646
0.41179637200268826,0.16799795436862633,0.1463501434918948,Snow,0.1946,94.13,0.0646
0.39281325303463754,0.1692242638539624,0.1762371405226787,Snow,0.1946,94.13,0.0646
0.48862696786500687,0.16303469787592056,0.156940815911653,Snow,0.1946,94.13,0.0646
0.3210612532574928,0.1738594430395514,0.19393748559873863,Snow,0.1946,94.13,0.0646
0.4847062650249966,0.1632879752793852,0.17213039790251644,Snow,0.1946,94.13,0.0646
0.4813762600757132,0.16350309359910892,0.17306960861795653,Snow,0.1946,94.13,0.0646
0.42311145366539804,0.16726700009321527,0.1437414670008072,Snow,0.1946,94.13,0.0646
0.07061382802391702,0.1897857430199184,0.20732287096958624,Snow,0.1946,94.13,0.0646
0.44659311385287564,0.16575008484510423,0.1664209159375549,Snow,0.1946,94.13,0.0646
0.4745915356929574,0.16394138679423495,0.1509380593245413,Snow,0.1946,94.13,0.0646
0.362168057817868,0.17120394346496542,0.17452627922526798,Snow,0.1946,94.13,0.0646
0.22257099697591584,0.1802219134403281,0.19320886606527296,Snow,0.1946,94.13,0.0646
0.2131737383005433,0.18082897613031887,0.16540583751108082,Snow,0.1946,94.13,0.0646
0.4598074051684359,0.16489644162611905,0.17558795381496034,Snow,0.1946,94.13,0.0646
0.14838765035238027,0.18501399066471558,0.1820721127570943,Snow,0.1946,94.13,0.0646
0.3697898412961197,0.1707115762522705,0.16540115511351997,Snow,0.1946,94.13,0.0646
0.22606165902956712,0.17999641671507802,0.17609722011690596,Snow,0.1946,94.13,0.0646
0.27489615809299894,0.17684170818606676,0.16898040306033466,Snow,0.1946,94.13,0.0646
0.49426711000284107,0.16267034469381647,0.16486367473528593,Snow,0.1946,94.13,0.0646
0.26344986168816503,0.17758113893163874,0.1802530136661552,Snow,0.1946,94.13,0.0646
0.41354660829769496,0.1678848891039689,0.1782926753369278,Snow,0.1946,94.13,0.0646
0.43812661128533237,0.1662970209109675,0.18020824248075318,Snow,0.1946,94.13,0.0646
0.2688994635216602,0.17722909465452152,0.17430392869157452,Snow,0.1946,94.13,0.0646
0.1920326536269991,0.18219468782893308,0.19293344316482236,Snow,0.1946,94.13,0.0646
0.439484616956723,0.1662092937445957,0.15506186950858075,Snow,0.1946,94.13,0.0646
0.3370828462853166,0.17282444812996534,0.17925282779695487,Snow,0.1946,94.13,0.0646
0.26873551955836156,0.17723968543451984,0.16672006600520814,Snow,0.1946,94.13,0.0646
0.23055237706112125,0.17970631636871587,0.17440766489691473,Snow,0.1946,94.13,0.0646
0.49589671489662557,0.16256507221767796,0.16865760571417457,Snow,0.1946,94.13,0.0646
0.40216214654443616,0.1686203253332294,0.16160250890754657,Snow,0.1946,94.13,0.0646
0.36189254950318545,0.17122174130209392,0.17618270695165347,Snow,0.1946,94.13,0.0646
0.16962620147666815,0.1836421247485886,0.16961676896922695,Snow,0.1946,94.13,0.0646
0.47765447878714007,0.16374352067035075,0.15698356314703235,Snow,0.1946,94.13,0.0646
0.2888615204999597,0.1759395457754003,0.1812885453314599,Snow,0.1946,94.13,0.0646
0.4447288743641955,0.16587051471607298,0.18062960061788605,Snow,0.1946,94.13,0.0646
0.4757944363393175,0.1638636794124801,0.15274433291818496,Snow,0.1946,94.13,0.0646
0.22739742579642172,0.1799101261951264,0.19537084912720684,Snow,0.1946,94.13,0.0646
0.49446738519619404,0.16265740691632585,0.16533956569654948,Snow,0.1946,94.13,0.0646
0.4728645672440455,0.16405294895603464,0.18616674354916346,Snow,0.1946,94.13,0.0646
0.37645437233056817,0.17028104754744522,0.16744589960097656,Snow,0.1946,94.13,0.0646
0.4256821769789896,0.16710093136715726,0.16229108915274243,Snow,0.1946,94.13,0.0646
0.2638144042404369,0.17755758948287348,0.18081536120645814,Snow,0.1946,94.13,0.0646
0.3787699123945498,0.04962123008760545,0.06114330591201686,Ice,0.05,306.4,0.001
0.3637600083230312,0.04963623999167697,0.05608025205757086,Ice,0.05,306.4,0.001
0.43706154767523286,0.04956293845232477,0.03920301282114143,Ice,0.05,306.4,0.001
0.4505690277122737,0.04954943097228773,0.05743593044363658,Ice,0.05,306.4,0.001
0.35743722473085693,0.04964256277526915,0.04970992610205457,Ice,0.05,306.4,0.001
0.44151828312423247,0.04955848171687577,0.05945989881006837,Ice,0.05,306.4,0.001
0.44623365654884584,0.049553766343451155,0.04653925574425279,Ice,0.05,306.4,0.001
0.3858306001812751,0.049614169399818726,0.05154776259455851,Ice,0.05,306.4,0.001
0.31996134915556296,0.04968003865084444,0.04895723101787135,Ice,0.05,306.4,0.001
0.40983799332722787,0.049590162006672774,0.047238173790055855,Ice,0.05,306.4,0.001
0.39627220633554944,0.049603727793664454,0.0645324826643143,Ice,0.05,306.4,0.001
0.458363473246297,0.0495416365267537,0.05829011595302908,Ice,0.05,306.4,0.001
0.42563800207137337,0.049574361997928626,0.05359777681475613,Ice,0.05,306.4,0.001
0.36394092170080605,0.0496360590782992,0.03555827272208533,Ice,0.05,306.4,0.001
0.4909524248422532,0.04950904757515775,0.04231025903306716,Ice,0.05,306.4,0.001
0.3426434783947645,0.04965735652160524,0.04955347526224501,Ice,0.05,306.4,0.001
0.45040649388669807,0.04954959350611331,0.05509211622388776,Ice,0.05,306.4,0.001
0.46517109558064096,0.04953482890441936,0.03208001346218814,Ice,0.05,306.4,0.001
0.3970195955676369,0.04960298040443237,0.057529305826211796,Ice,0.05,306.4,0.001
0.10907888884199139,0.04989092111115786,0.03824344215149769,Ice,0.05,306.4,0.001
0.11790593148870289,0.04988209406851129,0.03727487595858013,Ice,0.05,306.4,0.001
0.17377215401543575,0.04982622784598457,0.05980928929129778,Ice,0.05,306.4,0.001
0.4191814909335859,0.04958081850906642,0.04300860234511781,Ice,0.05,306.4,0.001
0.10576098595063871,0.04989423901404894,0.052711740609745074,Ice,0.05,306.4,0.001
0.4185550148716815,0.04958144498512832,0.058948658830615744,Ice,0.05,306.4,0.001
0.32434100186292497,0.04967565899813708,0.05507879780284659,Ice,0.05,306.4,0.001
0.30427205039133387,0.04969572794960867,0.03804191899090718,Ice,0.05,306.4,0.001
0.19677413642787775,0.04980322586357212,0.04314317508261132,Ice,0.05,306.4,0.001
0.163746930255319,0.049836253069744686,0.04288074366004292,Ice,0.05,306.4,0.001
0.17769785121855808,0.049822302148781444,0.052839706326462565,Ice,0.05,306.4,0.001
0.4410858334342149,0.049558914166565785,0.05202293599671499,Ice,0.05,306.4,0.001
0.2094936292233755,0.04979050637077663,0.060025675979539256,Ice,0.05,306.4,0.001
0.4213840478547428,0.04957861595214526,0.053839385075795505,Ice,0.05,306.4,0.001
0.4190523984046791,0.04958094760159532,0.05836064224567818,Ice,0.05,306.4,0.001
0.3618313877675231,0.049638168612232476,0.04690526629327589,Ice,0.05,306.4,0.001
0.4900190725425067,0.049509980927457495,0.04552853440847114,Ice,0.05,306.4,0.001
0.305891168937806,0.0496941088310622,0.033509215129814154,Ice,0.05,306.4,0.001
0.09494254219045366,0.049905057457797934,0.04254382387201825,Ice,0.05,306.4,0.001
0.3522237225698469,0.04964777627743015,0.031969688283392514,Ice,0.05,306.4,0.001
0.22556661257001767,0.049774433387429984,0.040744282981723154,Ice,0.05,306.4,0.001
0.17695023004140928,0.04982304976995859,0.06420427928375798,Ice,0.05,306.4,0.001
0.498123514563034,0.04950187648543697,0.05128316003219382,Ice,0.05,306.4,0.001
0.2997490222218213,0.04970025097777818,0.04971010147542424,Ice,0.05,306.4,0.001
0.41615967599610665,0.0495838403240039,0.0479634613879225,Ice,0.05,306.4,0.001
0.22984460751037966,0.04977015539248962,0.04423534876076593,Ice,0.05,306.4,0.001
0.05912927784212454,0.049940870044882395,0.048618036934829904,Ice,0.05,306.4,0.001
0.4936626427172042,0.0495063373572828,0.05927061193382059,Ice,0.05,306.4,0.001
0.42538966656128535,0.04957461033343872,0.03854454563616076,Ice,0.05,306.4,0.001
0.42062100210582987,0.04957937899789417,0.042623098658767324,Ice,0.05,306.4,0.001
0.4524256246895453,0.04954757437531046,0.0398305419239708,Ice,0.05,306.4,0.001
